;Category1;Value1;Value2
0;A;12.321444399242726;18.7520644282314
1;A;12.848928515635144;39.11898907494647
2;A;9.74313892726448;21.645274942773522
3;A;8.148275056518056;15.302961379607815
4;A;10.612163062563695;17.267658803155953
5;A;8.301995196950392;26.775015713574277
6;A;13.766499922680374;20.525485378301244
7;A;9.955398071323243;11.158522376618986
8;A;8.936336483749932;25.39119483975074
9;A;10.053160393922209;15.807952411681917
10;A;6.94270138515257;31.15107162149647
11;A;7.7052098294935245;26.362087441081343
12;A;12.115690835165271;17.14109374160522
13;A;8.344274130587301;27.575367417946175
14;A;7.552313204662063;20.25130785913534
15;A;10.767869333582869;24.989993071868643
16;A;12.08582147388392;22.768067463139353
17;A;11.138045578461432;14.732052648270574
18;A;11.700708448583041;15.956432125002419
19;A;8.141417337744187;26.05970215713371
20;A;6.791048627805596;17.820556595830432
21;A;12.72673307214868;17.404757723046412
22;A;9.02292398056602;14.07541415950168
23;A;9.168814849959894;22.398992547751142
24;A;12.375159087153682;32.29346824951445
25;A;10.807622560388303;13.396773740920825
26;A;10.603869412329331;19.987869538466864
27;A;14.074366821094134;28.36746957647178
28;A;8.371435295036843;19.36084383513476
29;A;11.562207404764294;22.572698444035527
30;A;9.793921705200349;13.427801093896154
31;A;10.223550541830607;22.427415739871748
32;A;12.7818324586604;18.711830598869177
33;A;10.709354057684067;25.792673120037954
34;A;10.771206242955861;27.010105220839346
35;A;11.85596604607804;35.475291164064
36;A;8.937085406621893;23.34099714366103
37;A;7.9740677717099375;21.80854062370409
38;A;7.556581059033823;21.015183812296456
39;A;5.68530344049632;17.70952722045384
40;A;13.853449208189774;21.885137393561234
41;A;7.437996748020215;18.058263697297598
42;A;9.2288782347898;20.858680263466002
43;A;9.116059752220899;27.796214221491827
44;A;10.302366405036338;13.764982909522145
45;A;11.334573234363726;26.72329437535718
46;A;11.425413913965755;27.793301478035552
47;A;8.494165283242632;19.128852644029823
48;A;9.338797520294607;7.031651586824706
49;A;10.25195365704674;16.17212723753506
50;A;9.173164133943143;27.671830452663116
51;A;12.941998984460866;19.703594132545543
52;A;10.675116810057219;13.80869403814371
53;A;11.170381532666974;16.794239999427706
54;A;11.0241866952995;24.91661941639333
55;A;12.060986851712562;23.142376601025816
56;A;10.045731007534537;18.399178586178735
57;A;7.044828173422612;17.62707081993034
58;A;10.48975106477878;17.476541583590308
59;A;8.355518245652869;14.272904482372265
60;A;8.604752319609974;29.593951868583787
61;A;10.868812139509224;17.895748733419165
62;A;12.192587279588295;27.189846710075077
63;A;9.721345558316619;29.02609774867173
64;A;10.305262654276165;25.868626180086178
65;A;13.134639023453232;17.235886883430425
66;A;10.167020965768998;22.279040145719
67;A;14.961082961920898;19.695579521797658
68;A;10.826465623343665;14.385849832849644
69;A;6.102778586039149;21.7998649984592
70;A;11.207873865090038;12.723587652810519
71;A;10.452125258510385;27.011876145857997
72;A;12.297100694373011;17.03667844368641
73;A;11.045101858361521;21.056087785040805
74;A;9.397005637282511;21.551909870340808
75;A;7.192113827871949;18.278598926437116
76;A;9.253712997319203;23.38362336413281
77;A;7.951100290682794;16.97457793305893
78;A;8.499351367036654;25.1018233482014
79;A;10.873308631339787;11.715742988851174
80;A;13.069030022708416;20.60462767380993
81;A;10.479564808348096;31.547298539406516
82;A;7.249813171255379;13.802481231847402
83;A;10.580954082759439;15.749990226878715
84;A;12.108010318291205;22.944202123645976
85;A;8.43993764329344;20.925818469407808
86;A;9.406019020130152;21.958466417403468
87;A;9.707977460847271;22.794958911703535
88;A;8.084351433912683;23.673574605027248
89;A;10.994538501885904;26.541100285916905
90;A;9.432556733898126;22.31579786362796
91;A;10.530046934754564;18.385138810169043
92;A;7.876026171623174;23.902095007758987
93;A;8.789856894551038;31.31156473441081
94;A;11.145006509568388;19.040919923315784
95;A;8.921083561882632;13.958252439394158
96;A;13.18489370946706;26.525287892527107
97;A;8.866657802564118;19.114890859131688
98;A;10.134392651703418;6.7248748714721565
99;A;11.571854098708421;24.957682144702588
100;A;6.798043848633375;16.609784714422087
101;A;6.102685071998471;19.295087625856556
102;A;6.58018151717947;21.845874573861735
103;A;12.241932519459947;20.991731686071265
104;A;8.557558619219224;24.124734501330977
105;A;14.872785479367924;17.212546830925294
106;A;8.532400818565865;22.939360001660546
107;A;10.052898443417723;18.274724850356943
108;A;12.809532697091822;24.301977775911418
109;A;13.75168812732967;23.55673128998457
110;A;13.864204077890562;14.194249093537715
111;A;12.131838678958157;26.397912318675747
112;A;11.75759488041901;16.60594954621714
113;A;10.88132647557756;24.720035675137247
114;A;11.258677921964061;22.05902886815704
115;A;8.558924042635683;30.939081797337693
116;A;8.016731892827769;18.492550178625155
117;A;9.671299763257696;17.732767290407615
118;A;9.332578032725221;19.724413053726586
119;A;8.757835124960426;18.01130433091688
120;A;11.092223741215067;24.671038620788273
121;A;11.617977504782983;10.08370893773588
122;A;9.857669314228204;13.480391548887864
123;A;12.67839796785412;13.395143660517999
124;A;7.3598584302184715;25.57882201018486
125;A;9.284910450092493;30.16891805106865
126;A;8.22258532370348;19.211074738622422
127;A;5.887996086577294;18.822446917706774
128;A;9.51026195768961;20.26456942651302
129;A;9.430933568269754;26.856110577521385
130;A;12.75133578988532;14.243063049634886
131;A;10.959066772777593;21.28072685562147
132;A;7.598456473190531;25.729087425650274
133;A;13.443038999053488;22.86684374751921
134;A;12.157561006133879;20.986189181625345
135;A;10.860149036179486;25.885139016624766
136;A;9.218257325496058;3.521776820016342
137;A;7.729931763719913;23.93410178439952
138;A;8.922355469799966;15.892885763312151
139;A;11.888945302917294;8.789808624677558
140;A;13.504959039962287;22.927870065879116
141;A;12.811834515593063;28.134664124898386
142;A;8.685503004702587;19.011852343897925
143;A;7.404676789617008;25.594319157958743
144;A;9.964232962996734;29.57525214494689
145;A;6.0871906067032935;27.78001599639682
146;A;10.334370442308728;29.74239890076808
147;A;9.378432710611785;24.322003133738836
148;A;8.731826510874138;20.297058316299882
149;A;6.439976419096304;10.170310927990627
150;A;10.721059044013494;18.35613120843785
151;A;8.596459101778628;14.750828610473896
152;A;7.302539724880917;32.94800504145085
153;A;3.8457877226216883;18.779799802702982
154;A;9.622280603095872;20.585461027630334
155;A;13.276854193383791;23.17106407770367
156;A;13.051475052235197;20.10488796256707
157;A;8.749980412653592;30.07496559007742
158;A;8.455310863295697;16.08261184074642
159;A;10.630036475683932;21.016531029109707
160;A;7.650848303263318;15.359230617353532
161;A;10.290965096906586;11.87245085799779
162;A;11.23374075417109;16.14829789671293
163;A;12.169540482646626;19.61805505743012
164;A;9.474780803942915;17.249881578386372
165;A;9.264575610543273;15.66138864824158
166;A;7.895336176702302;11.351473470087836
167;A;7.999103454242296;19.339929979609163
168;A;9.21826789863193;10.757398269331562
169;A;10.424117687601562;24.430240389433248
170;A;11.533260438299392;20.339355425048304
171;A;8.047231098960458;11.042164832891597
172;A;12.709178521615208;17.97490445048173
173;A;9.1276131526874;15.300755665991378
174;A;9.634763831166934;21.768563647298752
175;A;8.160877237094327;27.934181150449646
176;A;4.755533067792704;8.520915605661994
177;A;11.473278607731263;20.536084649988776
178;A;11.174373882499605;18.874903459930675
179;A;9.106893182427445;23.894647404129326
180;A;9.814182025292393;21.128757046021455
181;A;10.725808801144929;15.301885062831747
182;A;6.505274273946178;17.915469355139344
183;A;8.60386699476863;15.035908285550597
184;A;11.290971494003651;26.33769167291812
185;A;7.131214261507178;19.97031460421197
186;A;10.274245349817962;31.31946588718916
187;A;6.923501185731698;19.475432827540477
188;A;10.62527623565811;15.564879717678892
189;A;9.605778921040242;10.703099840808452
190;A;6.398494168378608;8.955789899906822
191;A;12.043250726464944;10.27795289612572
192;A;8.186503390659318;21.454341817744083
193;A;8.032867804431461;22.912912514019148
194;A;10.085424091857334;10.295733819638409
195;A;12.01055428374783;25.245151926213317
196;A;7.6154423030792735;16.925330343828357
197;A;9.80339787321567;20.727867056975953
198;A;10.548898973273893;29.574904224390394
199;A;11.085559695358281;25.256024882060913
200;A;10.036430934691838;18.22048708489757
201;A;8.932871726393826;14.461372640904065
202;A;7.99766201183358;6.850774909844628
203;A;9.85307410041145;15.500000943151361
204;A;7.5010856206726615;18.567023172317366
205;A;3.7461099612333584;13.881880882574247
206;A;10.564622387195103;19.049231775376644
207;A;11.513665757591273;20.30562049825073
208;A;4.880023637500563;18.484158514281965
209;A;7.627810810504908;15.917475778588084
210;A;10.935395417524358;20.859849637519353
211;A;13.856065287830821;22.509723827374152
212;A;9.720375205969793;13.258726802703293
213;A;8.199882155917575;28.359692639626395
214;A;9.306765641827697;19.246459118818255
215;A;12.469951282468354;19.955450933790516
216;A;8.36646859537002;24.117264142817525
217;A;8.055326916025837;21.24961820994121
218;A;8.697901534965975;25.5959014202564
219;A;7.7423398963227;21.57507023130311
220;A;9.92724402027223;16.14426335349999
221;A;12.977194824800826;22.0241111495583
222;A;10.334190855460184;12.936781798513003
223;A;9.165727379016738;20.497046047934656
224;A;9.08560514521479;19.641037398810195
225;A;6.503964646363934;18.585215472177193
226;A;11.471378756130301;19.065649594294086
227;A;9.520097059268439;8.480607975276861
228;B;9.065678640275133;30.613760933518527
229;B;10.222459981710502;18.945705955359724
230;B;10.34328493514681;24.2711744685342
231;B;8.202108245355944;12.499149494477095
232;B;12.337188489738937;14.468939746725901
233;B;8.493301070608267;22.824684020172377
234;B;11.803034281752778;28.741072313615966
235;B;10.825308202336782;22.141689398439013
236;B;8.88987710171111;18.23135887316743
237;B;13.256027396488792;20.05795048711613
238;B;7.90287130389148;12.749821496720838
239;B;11.712335495510958;23.597245940573874
240;B;11.859154371405234;25.22189925613916
241;B;8.845895526665936;17.41831038246747
242;B;12.565738308729618;17.313329771568032
243;B;9.60421020378279;21.616926433558188
244;B;10.57558469443586;17.508196260178316
245;B;10.524428986313167;19.67535665911542
246;B;9.812890996738911;32.3410798387099
247;B;11.516982605885092;18.61751004214571
248;B;11.485754616317823;17.96655306956629
249;B;6.902368572571163;16.275327619997107
250;B;12.406844575803618;24.414062490642028
251;B;7.057502820039982;19.002311500176994
252;B;11.916786801669529;16.2646187347456
253;B;12.08655990308617;27.788962295798974
254;B;8.087990994962327;28.36380590904389
255;B;9.314338146296233;16.550870880058014
256;B;8.061417239774368;9.146735299495978
257;B;9.66754314790892;25.953944389347523
258;B;9.499655455475144;16.058440189633366
259;B;11.46082172519666;24.685602199484883
260;B;12.417606075316886;8.541103055557372
261;B;12.571541438962793;25.281923825621796
262;B;9.041440047956035;12.97926897945493
263;B;9.67781900232256;24.33553760848917
264;B;7.019735802577544;20.14556191130141
265;B;8.602033503658118;14.483541730790414
266;B;11.794730221313593;17.681782268325524
267;B;12.968029976043542;24.075623344708955
268;B;7.8294655299062175;20.68135559218797
269;B;8.98681447787327;23.479689216646708
270;B;10.00744528754279;31.620142360815336
271;B;10.560200238234648;10.914548999691277
272;B;8.595301906874889;29.519409033907223
273;B;10.81965867976929;20.67235849036898
274;B;9.20070092175839;14.806085416396325
275;B;10.028998000079708;12.282538975884652
276;B;11.040033016883811;18.95613512488965
277;B;10.066635804798725;25.45182185186551
278;B;9.268231312220895;19.316198416923747
279;B;9.857424373636418;28.899193396712313
280;B;9.895733460499265;11.575748414701518
281;B;9.387908390647718;19.991399197267683
282;B;9.588434346173681;12.73820923933783
283;B;12.937494175925552;22.18858106841325
284;B;11.066420988982157;25.24853255833724
285;B;9.522290862581112;17.601516882325395
286;B;11.311698583663189;4.832884163170037
287;B;9.453163484880804;21.22552528473145
288;B;12.170256504162817;22.61610234218387
289;B;10.721538861704094;22.42637391533889
290;B;9.861585195892594;27.288838208481113
291;B;10.862311375980418;13.798667993136275
292;B;7.2226905956485306;24.039937337936095
293;B;8.023439993664292;27.03577174736564
294;B;7.902351711097382;9.66107289113948
295;B;10.312789443633301;21.93138962346405
296;B;13.178864334930996;17.113695647844423
297;B;14.07819803659282;19.585356971218005
298;B;11.205493084281924;22.095275319099084
299;B;10.958102912152759;17.2128251431828
300;B;6.807662089614102;16.110613767181267
301;B;9.07658908016886;20.261814573177734
302;B;8.634644002096513;13.70397710694626
303;B;8.935637947085969;13.712285876841317
304;B;9.751884719090059;24.035008587241144
305;B;9.203854037372725;13.344049335001232
306;B;6.486283020370177;23.958630299933205
307;B;11.403574444340617;22.76728686404826
308;B;8.1208486730867;9.969730620013852
309;B;10.486429789467426;16.099756693019717
310;B;13.79472733585439;27.045139460394026
311;B;8.397361334256804;14.32432586014361
312;B;5.492825572394234;17.34629962231348
313;B;9.539376721458993;22.764185134531065
314;B;12.040139520254275;24.643292039835508
315;B;13.586051154372797;18.591117337470404
316;B;7.838118858824833;16.567908013826997
317;B;10.95062882318394;28.379986242827954
318;B;9.216078922741339;30.23102426480159
319;B;9.864026144085003;25.786368770611976
320;B;14.822934870068462;20.561027165203217
321;B;7.345128074333823;15.335428509094257
322;B;10.51256100288528;15.205729539885123
323;B;10.898329511922809;23.117710120949454
324;B;12.01278130962571;22.50884972488143
325;B;10.231724498744175;28.25851771768511
326;B;10.610486138152893;23.86586835200945
327;B;9.348894865768635;11.272214879626379
328;B;10.540305011198075;26.21379003243446
329;B;9.436263899655907;14.225524846157128
330;B;11.17578027015189;17.816664568630014
331;B;9.388630860984664;21.525242752492463
332;B;10.73498635947053;31.732579586191356
333;B;10.002293876322431;38.24862033787677
334;B;12.085379111909305;23.61015656476328
335;B;9.962390777250526;18.990776814985306
336;B;6.858192997219342;23.187835595029693
337;B;12.330361535636623;25.25302396298595
338;B;8.421977073586351;18.186858640815164
339;B;8.876283868779243;30.560330012616888
340;B;8.98105006960754;21.40752754329948
341;B;12.53323438431811;22.97285142999018
342;B;6.204332420666731;23.95635985529461
343;B;15.71256824398073;22.52749514332903
344;B;11.959177557117375;24.968143428632334
345;B;10.457566682760358;16.45245276016907
346;B;9.956079608770406;16.797195474663656
347;B;10.569923926229901;13.628490555487515
348;B;10.994665041248016;22.63225824165338
349;B;11.218410995765012;24.617245411756326
350;B;11.056837819932456;22.73910913489774
351;B;10.216574435654506;29.854376531594685
352;B;9.699245442622056;20.02936926645155
353;B;9.78230310810768;23.97283577963915
354;B;9.703627102291343;13.677925031502983
355;B;12.099298367144975;17.798369786252447
356;B;11.125267570396531;24.129536991544853
357;B;4.7533934672657026;25.027567618253816
358;B;11.237676910278385;18.34300182121927
359;B;10.406174903506356;19.643388252658532
360;B;10.021323351091333;11.185704134530226
361;B;9.35453861303781;17.97421939522381
362;B;12.08188565035477;25.268975529199114
363;B;11.763492101559304;23.425841863148673
364;B;8.661520391390786;22.989942722679906
365;B;10.788991069075946;20.353166363629608
366;B;8.303112136726156;20.103399005973195
367;B;7.567537980956454;16.200595216686906
368;B;8.925054727402037;24.148780492844672
369;B;11.609993210700404;22.523906478034753
370;B;11.773586617473468;22.939376579122495
371;B;10.980173927275818;16.98588949093631
372;B;11.362438854728417;7.4695371462493565
373;B;10.985750515837257;26.478145386284115
374;B;8.898433854303228;17.26189559419916
375;B;10.83383334421351;15.016658647941416
376;B;11.49823316129526;24.11749704599295
377;B;11.415079828303066;17.769639366717023
378;B;12.198724353668318;26.260507624635174
379;B;11.332162176803175;23.670289989973032
380;B;10.688734228933598;24.059546655953223
381;B;11.984588690509206;12.074107242334636
382;B;10.007237031337045;27.14943450558926
383;B;8.464993567763727;21.58986406638298
384;B;9.761038533126525;17.902594544760646
385;B;8.711960708569775;20.900617239812878
386;B;8.837677113781574;9.674829230395463
387;B;9.794482001358446;22.45185944076188
388;B;8.626284765382447;14.042421610369608
389;B;9.499786635435553;12.151799223660937
390;B;6.640777470976415;11.159473684590466
391;B;10.439634994808333;26.56899655782037
392;B;10.057229672532477;16.382218141086287
393;B;8.58180589008448;29.031196996854064
394;B;11.243707911875607;16.928775166918765
395;B;11.745540367785136;10.077617386817737
396;B;7.156548091222216;13.532759046665939
397;B;8.679826540919672;27.2890103018783
398;B;8.668255350157409;19.15041565940428
399;B;8.360365470921243;16.85575912774311
400;B;11.550639330632874;20.997866582829268
401;B;9.705578255807394;22.996474925420063
402;B;9.578123112167615;26.596542795715006
403;B;6.4419955495327805;28.53278845512289
404;B;11.200745529722564;17.958199365551906
405;B;7.82061342294525;12.307485810122998
406;B;10.163117568265955;17.644186938058688
407;B;10.555180153594861;21.58419144883073
408;B;12.508389285331948;14.42611813165648
409;B;7.695189770688993;14.464761191847444
410;B;4.610729938409747;22.072535121856326
411;B;10.386545747994367;19.777579676774483
412;B;13.301464734088341;20.25388818589075
413;B;12.28893623492206;15.626481288279425
414;B;10.433082190685615;18.7147314791058
415;B;9.168612362572716;14.65726137547827
416;B;11.510337153164691;25.26789511368839
417;B;8.299705339810524;26.116139964326628
418;B;10.913952199719686;9.265752499590754
419;B;10.966443244140796;14.626397763963933
420;B;11.966665794110028;11.310524815654503
421;B;15.03085643322855;16.260812352551657
422;B;10.762601077548688;19.57415648718566
423;B;9.137370151520036;11.584698468681184
424;B;10.00894442260106;14.671140404104573
425;B;6.865326871910502;14.191041209237742
426;B;8.802454825032576;21.274175121829746
427;B;9.317100145520593;20.467613776658784
428;B;9.110099456946285;15.841437511847502
429;B;10.329759332466864;21.096126958124216
430;B;8.572193296411529;16.86515795945726
431;B;12.076328560599556;18.47347945390689
432;B;10.055429490297037;29.848292698328986
433;B;10.038287214204734;27.90099083554191
434;B;9.463846137095668;12.462259241776579
435;B;10.334872438105354;24.91429538376786
436;B;11.542748150517495;24.807068891756515
437;B;8.49157849688558;13.347153092597157
438;B;8.868440337528126;24.85023284276298
439;B;9.5074234479872;29.055782832775016
440;B;7.628385886419712;13.497552482084185
441;B;8.577894666088723;14.696619704965057
442;B;9.196406914542308;26.013287683258945
443;B;11.631622051991405;21.649774622752048
444;B;10.528466895325312;23.28707830512923
445;B;10.404108099279686;22.05382961364883
446;B;11.589266250761444;22.34684914805414
447;B;9.807368175237372;12.305003709862982
448;B;10.759083118944083;26.186714725684997
449;B;9.868942338002764;26.901752136254935
450;B;10.533517270340136;18.72063769429823
451;B;9.00431414605429;19.807844964172087
452;B;5.657751055869599;11.108314311721967
453;B;9.812944329616538;23.069410183966337
454;B;12.620339724205795;23.407435129126387
455;B;11.725067231661177;19.698406770117955
456;B;11.795714417911345;26.637212347918194
457;B;12.283859516045672;18.108440465551517
458;B;10.214910059286483;23.363859329900862
459;B;10.410825889423709;14.099188270862534
460;B;8.941399953558264;19.924363409426988
461;B;9.485161522330104;19.04248615157465
462;B;11.165321255709749;21.379674896883543
463;B;12.225717907942013;17.901133797556902
464;B;9.803627774509064;19.293254283702943
465;B;9.243343161864118;24.892744391629904
466;B;10.056008077561247;17.50793602114782
467;B;11.139060937798906;10.666974839693353
468;B;7.451716197133404;30.293504748786575
469;B;5.914931020440674;28.140714396877204
470;B;9.062411621815304;12.505057420930802
471;B;7.854052700372005;24.095443950889187
472;B;9.138854832068983;17.120742733801727
473;B;9.788601092353014;21.60294399528576
474;B;9.237827377222324;21.78269072221955
475;B;12.673925234368651;18.691298397295583
476;B;10.644192728592198;15.478702649464855
477;B;10.596825920015185;16.02387186450389
478;B;11.176925664122777;14.704285763480705
479;B;8.001685046201034;15.197672278710417
480;B;11.928624864957163;19.669241642599545
481;B;9.918449475607204;15.876393773749754
482;B;11.263965067019262;24.050673869629392
483;B;8.122445800091665;28.75937701567532
484;B;7.253554069155967;16.66999471824412
485;B;11.529750684697769;21.46211042933546
486;B;10.733740691462504;22.98420819664596
487;B;8.428613637247416;22.822321423534767
488;B;8.487011617983242;20.506273910200925
489;B;12.08426939635121;24.40523475865535
490;B;7.910489072695459;22.88224310362177
491;B;13.016874787861564;12.824354941267199
492;B;8.431193474266173;25.144841348701046
493;B;11.206107606711692;25.250891881363195
494;B;9.462541164248782;15.598465296102926
495;B;11.142632203351694;20.283951359432212
496;B;9.073992325742129;24.058141225293358
497;B;9.761532672700739;18.838045756181714
498;B;10.128835391134105;26.336774109668482
499;B;8.248063772257833;33.88580958005456
500;B;11.390798205234038;15.465718141205556
501;B;9.12970730312842;11.985868749372262
502;B;9.642879457722913;21.838798306224056
503;B;8.262196211047831;24.281727391712685
504;B;5.4350448418589945;18.712008343112366
505;B;9.710623863156751;28.560632892695835
506;B;14.405118232368352;12.234047082774126
507;B;11.46973555528764;24.114220526632998
508;B;10.020328747668913;16.519074298153903
509;B;9.581051284398054;30.116862769372936
510;B;10.095563231681615;31.714146172693816
511;B;11.041538322702772;15.578755008908836
512;B;7.9259936247106815;16.848333220201724
513;B;12.064231958981534;25.08888750148518
514;B;11.344923193751756;17.79818880911673
515;B;11.349979680864031;19.79653353691291
516;B;10.845649069639073;20.21056350151493
517;B;10.09042592319811;8.836017061496095
518;B;11.268257437521628;19.981172381250108
519;B;11.122125599124868;16.028627843110236
520;B;9.416703646771182;17.178356046981516
521;B;9.020824451303962;28.504325349554822
522;B;10.238707960395018;12.714154151781432
523;B;12.848014264579172;24.817645611711903
524;B;7.820886258768012;18.430743974976668
525;B;7.409037233623199;18.426081797373186
526;B;10.352127893919626;24.68411856634277
527;B;10.146809125638493;22.050683894804823
528;B;10.367599532325958;23.398988146686097
529;B;10.494915536533405;25.723951737387544
530;B;9.652611700582142;18.12463244025535
531;B;12.741351855051775;16.481788523810717
532;B;7.168548974843182;13.716230891021418
533;B;8.56123600540607;15.235167200671839
534;B;9.86888282439768;37.30813518040919
535;B;7.092307379945728;27.340869344469112
536;B;9.737982160527938;12.16113201920107
537;B;13.050767069508293;12.32847822679288
538;B;10.092715489082925;22.880003991460644
539;B;10.47102101387321;23.26244995860785
540;B;7.782918227866756;23.271917947925026
541;B;8.943726764638024;18.571135567428033
542;B;9.378558953444088;19.328448973359375
543;B;9.482200483005364;21.979504468180952
544;B;12.36592178446514;20.564388916960844
545;B;11.060600050959783;7.083823850702117
546;B;8.051043782919033;18.7182465625109
547;B;10.49951615941169;15.083145473424427
548;B;10.95337400973816;21.08671501932666
549;B;12.11079990693305;37.51962239954982
550;B;12.904847311178195;22.211094254796357
551;B;8.224792304008233;18.22860067304144
552;B;8.593040900036664;25.4527071673777
553;B;7.787582544749855;22.88480995355541
554;B;9.633107037427488;22.51876935783889
555;B;10.895922807910313;23.610902372673515
556;B;11.835267945758758;32.08857743786478
557;B;9.918112779587203;13.448759684159045
558;B;9.478355615071393;22.831852382878424
559;B;10.328683129396229;14.644700146805691
560;B;8.54925316857231;23.310682642959012
561;B;13.82259534375388;14.689697588769121
562;B;7.156365689901317;17.62137042269596
563;B;10.388152325573007;18.336434812957854
564;B;13.703715858482111;25.768583335906815
565;B;10.067316590301195;25.433133870825046
566;B;9.712406586754518;12.777250288748522
567;B;9.41056478688569;20.383344061384815
568;B;9.729801230434303;15.91253464771589
569;B;12.530368225423576;12.702469930285886
570;B;6.066962323878801;18.792997949966967
571;B;12.81991114233177;18.258114480286277
572;B;7.4875926454457336;34.25331563277472
573;B;9.574269118239647;22.594004687731342
574;B;9.281107727843466;12.005910138223085
575;B;11.11624610394602;16.759346333209706
576;B;7.17356077579478;26.03505260453358
577;B;10.888375773636593;32.275121158430835
578;B;13.704984129958744;10.78740547617221
579;B;7.597187595740529;9.068464325760917
580;B;10.397105521772158;31.00333158529439
581;B;8.861470314121867;22.34052320831261
582;B;10.822951337536601;14.984395912623537
583;B;10.089580509418154;23.188557447338567
584;B;8.898424273226762;4.648476834391589
585;B;10.934713427132275;20.08183394614012
586;C;11.038085411595477;24.718566114141773
587;C;12.256470391197732;15.597722920276254
588;C;8.297317829753062;26.409512682068808
589;C;10.543470685001463;16.696527959802776
590;C;8.478040977963133;22.324472357829794
591;C;10.890115231466423;25.932357049059803
592;C;8.5394828707019;20.50024816137147
593;C;9.534794475319304;23.606716724725864
594;C;8.334251550680978;17.428997214156944
595;C;11.698531226277558;19.46431637513387
596;C;12.122019812307636;19.404567470468965
597;C;9.889168053037697;15.964996764510403
598;C;10.446544787033082;19.589581961511588
599;C;7.40935179813682;10.863135066822933
600;C;9.756275965443967;17.589779889766582
601;C;10.265880294282104;18.90193786760625
602;C;15.722010943817033;19.084474536545475
603;C;8.096984977261702;19.177870255280872
604;C;13.359355527723359;20.321172606948394
605;C;12.404749466535552;23.763839914181737
606;C;10.941699607884852;26.276957672526265
607;C;13.960823964462763;16.580835346814435
608;C;11.128546337302812;13.060372273611575
609;C;11.163382511366525;14.085505600499385
610;C;10.259923616290719;17.61491151508742
611;C;12.867857304583787;18.475452225906906
612;C;12.60822687277242;15.816034151587905
613;C;9.090344251795907;12.469324901266834
614;C;7.673567286281666;17.812628029057045
615;C;9.953799933955352;21.86813535619884
616;C;8.734171012066412;24.499107180642817
617;C;10.238671199887056;17.168233764960824
618;C;12.896188460444876;18.086938066292454
619;C;9.434290428105845;14.819234469226767
620;C;10.28095817562102;20.514073354553744
621;C;10.486959694598719;15.317116219460786
622;C;12.101551165651562;24.359788432039906
623;C;5.778643642877583;9.353974001261664
624;C;9.129109149033464;18.426418559746722
625;C;10.800030651158508;22.6294371776925
626;C;12.819873697270431;21.883452240853693
627;C;9.363610306049859;37.84473569839243
628;C;6.535141868337495;22.93917654386562
629;C;11.634338811841763;14.327162868987768
630;C;9.070560192061377;20.10680301143196
631;C;7.938265503443738;9.41516885554498
632;C;9.093064961100094;20.201357667621167
633;C;9.991499111730686;15.41490282290053
634;C;9.133103976130808;26.536956467126743
635;C;5.863055994439337;17.21837696000894
636;C;12.200900045766094;19.971300824347622
637;C;12.972662001727672;16.671210041254962
638;C;11.699319208891733;31.775080219572992
639;C;8.044448696560725;18.670601766024163
640;C;9.956841772193988;32.3711521204507
641;C;10.355113542656161;25.89296748308211
642;C;11.591610885793656;23.780539150271824
643;C;11.733674880088701;23.059612157445756
644;C;8.868715031079637;23.21904789513544
645;C;10.535929727901445;8.451930351481199
646;C;11.302535837817384;18.940054249969943
647;C;13.342288677973263;26.09020128666798
648;C;11.807552405074695;20.403021070822536
649;C;11.980265638815219;11.775498751206122
650;C;10.53967011501921;20.38071097062569
651;C;13.249623896070812;31.554058252678175
652;C;11.205470130798721;28.64567249110388
653;C;8.609463601941922;20.319647153098668
654;C;13.235142616170117;26.76633162239945
655;C;11.794063704236173;18.382671015985878
656;C;9.463414943411376;9.875552339798332
657;C;9.388959539615945;14.83343449945454
658;C;10.974258989560214;30.65576345537199
659;C;11.314596921474523;18.97116204834117
660;C;10.77144992586038;19.165869814406573
661;C;11.004354812049998;18.80675851821746
662;C;13.840990993651651;32.82647724920007
663;C;12.557309585479878;31.056959387780438
664;C;10.757852128706327;34.827959033813
665;C;12.291279434048553;19.70235772104634
666;C;8.259265930508;22.594560181108157
667;C;11.181292881831121;11.066536220176033
668;C;14.064361569015636;30.10899871389165
669;C;9.923025659739153;13.285690967841965
670;C;8.63694647131911;22.092993757743976
671;C;9.036392447265218;13.734002833615271
672;C;8.142607314727854;16.96821656650229
673;C;8.765377116154394;15.388145628842715
674;C;9.611586343543374;16.847301890424273
675;C;7.497239077863718;17.284644243318375
676;C;10.400338897245865;17.226464977833118
677;C;12.211544671438942;26.014987183418185
678;C;8.514132865643315;13.685911178694251
679;C;13.471923678384936;22.11694881562427
680;C;11.411845830042424;28.46162936990131
681;C;12.47363406809042;17.44956444917964
682;C;9.024655596938736;16.14730262017437
683;C;12.11400027471903;19.24766953826474
684;C;8.137907269727625;28.218419173702667
685;C;12.186971281844192;21.948800618947907
686;C;10.71945643729856;17.334950473712563
687;C;11.498578427302286;23.79205226897973
688;C;7.967010927665944;13.702263314489542
689;C;8.54004764523126;25.048261804008014
690;C;11.58841161862355;23.31325594539235
691;C;8.431214675635406;18.756058749545215
692;C;11.314640833725392;15.379727547651283
693;C;7.575739633935595;15.073789334181082
694;C;12.101026858748483;24.116091401579034
695;C;7.850720871010894;28.531737354167085
696;C;11.496635213151857;16.660078704899725
697;C;11.64643073466972;23.629907992817106
698;C;8.945117227426849;7.438259763571308
699;C;11.557358729804438;16.995245519966737
700;C;10.900448403448216;20.51649208587931
701;C;9.267725706212246;14.927468011517634
702;C;8.308228605578302;14.756844315451541
703;C;6.359317885569757;16.466244274343918
704;C;11.082675936928998;22.572730386974584
705;C;7.171963221069033;19.52244140102491
706;C;10.563197418971825;6.476433623378563
707;C;9.830280917679872;7.224061365765369
708;C;11.755741049400854;16.853727134988453
709;C;9.751437038348689;23.625454470724804
710;C;9.695461528996042;3.2368898650967672
711;C;11.863450040620176;17.53522430991065
712;C;11.052868364431284;17.36654251621968
713;C;11.01425651031814;29.545425985120247
714;C;11.327022436340883;18.264896453098928
715;C;7.231673581292116;23.150295060096983
716;C;11.914350769783333;21.612613008503374
717;C;11.619544019924602;7.161300606091814
718;C;8.291624377488908;25.60070932791625
719;C;9.869844011517618;22.08422142074054
720;C;10.288140610281157;23.947212309859797
721;C;10.093694044754926;45.68927816963952
722;C;11.050421044618325;7.456796531620091
723;C;13.292332580046427;31.68504064955247
724;C;12.578193603135984;18.885576935643456
725;C;7.687923604319052;22.54179108412936
726;C;11.639156684212972;20.42455302364252
727;C;13.083088539334225;18.015448697286814
728;C;11.158580713985806;17.089293225380914
729;C;12.59701471153494;22.810101489911172
730;C;14.478962682830796;11.063157535850785
731;C;12.459598380530677;25.488575426982045
732;C;10.87770531184932;18.066604262462942
733;C;12.503269786103665;13.525569650715784
734;C;10.664401750694262;17.85148147450211
735;C;10.41726233240663;28.710921551312097
736;C;9.650589975086206;17.308737673598582
737;C;13.562068257379165;22.994222976178754
738;C;8.696604975831715;16.06437042357631
739;C;13.49865036842705;25.53528301305151
740;C;11.389522934207498;25.074649127054474
741;C;7.510028300704477;32.47325926786961
742;C;11.1194435596755;19.59728028487558
743;C;6.078644936630542;24.96744581581799
744;C;11.646179648643159;21.337879351983442
745;C;12.176724905131195;28.95723991817106
746;C;9.158410779673796;16.141491769189642
747;C;10.620809584377492;25.45311954297428
748;C;14.360253413750701;19.475571000467887
749;C;9.33533020929923;20.305753429083634
750;C;8.205371154067153;21.29770861286747
751;C;13.39507506184107;22.31858934167895
752;C;14.377473141869249;19.97471592869554
753;C;10.375984102061707;22.079874734784557
754;C;12.434582049677715;30.75263858769234
755;C;13.108709692893743;26.98261184836678
756;C;8.851739047831419;26.24284635477695
757;C;9.377085412210493;17.816325749595272
758;C;12.882780745234072;15.05750549937714
759;C;13.810466263841048;26.79083003283479
760;C;11.518249194829917;26.286688374440402
761;C;8.57121050981363;30.081876542951946
762;C;14.42746678694016;16.872076077269284
763;C;9.283803959343192;19.2538777864048
764;C;9.683838398409645;10.285127614575885
765;C;11.067739050870134;18.217510697066693
766;C;13.543166990969361;27.053352602324637
767;C;12.112878303495771;17.746634398601206
768;C;11.215893584851635;24.78822157433871
769;C;11.314808823901712;19.502250691246747
770;C;10.457323613583473;22.775422597864985
771;C;11.508563899603068;13.413473905828262
772;C;5.201223264035423;21.25608767040708
773;C;9.762545493784524;1.6871262684055743
774;C;10.861390709917188;19.525194871216645
775;C;8.017222329603742;10.342447030405518
776;C;11.157589574875523;28.385521045462518
777;C;9.950755072183643;25.659232375319725
778;C;13.95440001188044;23.682605171572312
779;C;13.581691482772875;30.389344141857347
780;C;9.41691921664903;14.677902052617274
781;C;10.060313921186443;31.829224980411503
782;C;10.217379829832684;26.643831256896423
783;C;9.44581588366189;19.20930785369057
784;C;10.766818478739214;27.93786217445951
785;C;8.819468312876925;13.67681022028658
786;C;8.058891492238953;15.469238731247156
787;C;11.640466552153466;16.84275711783714
788;D;9.134007245762035;13.817892320731122
789;D;7.872978756837852;24.05303675560932
790;D;13.321805921378104;32.04319631739051
791;D;9.779659523498722;22.362893912648886
792;D;11.240938715966436;23.516049783050672
793;D;9.035115384190416;26.121900083136563
794;D;6.046746790937634;15.184425319730012
795;D;11.043871355794725;31.750989633142336
796;D;5.827679753945753;23.388196732936656
797;D;10.234326712583432;31.357107634430502
798;D;7.1278121342545475;18.174018175143352
799;D;15.148389904357282;32.39510838353445
800;D;12.576727858944814;26.581421760659246
801;D;10.65115081177061;25.343238408857133
802;D;13.418905008870482;23.5648843220369
803;D;8.37550114645052;20.87489002794413
804;D;11.69740825967476;28.95268312146201
805;D;10.875966233848416;23.04275067027138
806;D;11.029440976880224;11.294874940822734
807;D;13.439572757459224;16.032552933010194
808;D;12.149188955255504;21.224315948518825
809;D;11.088487801807318;23.988404677991998
810;D;6.442843026278375;21.944861149855175
811;D;8.10366144712593;29.05547214275812
812;D;10.105076206259563;11.383887734914875
813;D;10.62155658625724;23.060745542513935
814;D;7.6969489246110925;12.125980488745093
815;D;16.162797974863548;26.495333580192984
816;D;14.022881697497251;21.733753405557145
817;D;11.837567828318843;24.599431633257403
818;D;10.57056016288993;17.444594450539483
819;D;9.89115204402645;29.392697011355036
820;D;8.12308870570533;28.06741280976479
821;D;10.583571663908016;25.513284305968714
822;D;11.014460217610436;21.538319457331514
823;D;7.430304274669711;25.492731008959545
824;D;11.197129572379085;18.319738107181003
825;D;10.027274493339608;27.029612845565694
826;D;5.8383100297660775;31.4553526759184
827;D;8.341873158247182;28.228437367777765
828;D;9.409771332841906;18.193141656332507
829;D;14.910352541618881;24.275036415026086
830;D;11.728657298743176;15.051690528892834
831;D;7.20629112483117;25.451106327814262
832;D;11.560107033310135;24.772204709989108
833;D;6.699990394946569;11.837014260489997
834;D;12.986239087558015;15.783944623336865
835;D;9.272288380619289;20.681954872295744
836;D;10.174566262844914;20.583169911265966
837;D;13.567313270359218;15.51807926810338
838;D;7.321781444251977;24.428677631849943
839;D;7.058966475727236;23.662154713541444
840;D;9.003449936367034;21.177359779642494
841;D;12.880323478285645;18.04715078768571
842;D;6.766815766889793;28.106336577893487
843;D;3.628921204001876;31.488388409338384
844;D;9.320010882247537;19.564698250134967
845;D;11.71715481722662;18.847786678008323
846;D;13.267258108907011;24.998553300258067
847;D;9.291322340324363;20.2644775346279
848;D;9.414979431114753;21.48324360999799
849;D;13.156445400813247;26.383513792193334
850;D;5.9292955439336135;11.616599755805808
851;D;9.469729251436569;29.609196236126714
852;D;10.853530393593898;22.665471851265277
853;D;11.472105198413114;19.966443534823313
854;D;9.179830057295852;21.76287774023754
855;D;10.480698069460729;22.050876207172085
856;D;4.45074399017376;12.60972440877339
857;D;8.825022710629154;30.59385387748645
858;D;11.482359191888257;22.49068386306422
859;D;8.05048460923491;24.72983132663935
860;D;10.539361572065092;27.564732456442712
861;D;11.46649723140196;16.567839180284736
862;D;9.579611112160112;24.89968519003165
863;D;10.805821455183212;20.768347461372443
864;D;8.097240689279282;26.980641470896515
865;D;9.904531716672404;10.40207502125399
866;D;11.856923413822638;21.70791231146345
867;D;10.773575543871328;18.89988745447262
868;D;8.996441967180626;24.669965719991218
869;D;10.934301705247567;24.880577395774512
870;D;12.106446417912089;18.315650173410187
871;D;5.4985801438241495;18.2902974975885
872;D;13.168810763797099;21.64340933857764
873;D;9.594656218323667;17.26197776937987
874;D;11.415388337584488;26.953955873006255
875;D;13.260052031982626;20.20216672236146
876;D;7.119784224841263;6.055294905577426
877;D;8.702661509445223;20.17086668111378
878;D;9.70868382838818;16.470946691710544
879;D;8.525038751266534;13.166759495420097
880;D;14.54524490044096;15.362273522871071
881;D;8.350508799798082;22.870211961449375
882;D;9.070501502300113;29.666828270264666
883;D;10.886910058644764;24.00616221036503
884;D;7.524983125193705;18.87935804580402
885;D;9.452615477003576;24.8017539450431
886;D;11.157157665285593;19.701112918674305
887;D;9.602769400743847;18.388261025359967
888;D;10.175162214301217;15.825314000869913
889;D;9.13316014374795;12.49473629789574
890;E;8.770459202543393;27.34307498919461
891;E;9.908816524839184;21.449177978378017
892;E;9.379755075391929;21.137963158245626
893;E;8.71635751372575;23.837462981316207
894;E;7.615804500134617;15.782312123691698
895;E;10.844038212512508;20.855948934817786
896;E;6.84429463623851;8.438821877255254
897;E;11.192584745458708;25.67178657501583
898;E;7.498492814153698;11.80076730354277
899;E;8.017384698445996;29.23897880707527
900;E;6.533407800862644;18.806820884090317
901;E;8.538876027844326;19.4807748875606
902;E;11.606574637852933;17.113509355852152
903;E;10.651635140488903;19.046247322387476
904;E;11.613034572520382;28.755995015660083
905;E;10.665168149585167;6.5303781634285585
906;E;7.2877366925089655;27.950537537809403
907;E;8.893304042221587;22.608308490224637
908;E;7.959708521976411;13.817578282190553
909;E;12.344590031265781;14.566954791146188
910;E;7.0942934454607744;30.22313175846072
911;E;11.43702968124404;15.305499720253607
912;E;11.43548448533136;14.122947024357963
913;E;13.381297165098351;27.155976351545252
914;E;8.729404161910182;22.611320551264512
915;E;11.060243632901624;15.348634507465437
916;E;14.320339017050667;21.917596295972626
917;E;8.297402256635376;14.848931043125507
918;E;6.391616054191453;26.948343980926843
919;E;5.674982433642807;26.723885736035925
920;E;11.061053539871857;23.71199776410937
921;E;5.668459096064464;22.742797500243526
922;E;8.807030772465076;30.705584220537308
923;E;10.488945265742313;20.68329634533443
924;E;9.965159345113003;13.960658300369673
925;E;10.464290239380057;23.242419856002524
926;E;10.04225991979753;32.553910271937504
927;E;12.23717055754505;14.91147819440225
928;E;7.602155443243735;18.62849277264407
929;E;8.174102513572226;23.054503574036495
930;E;7.9753713166506355;20.37838255066233
931;E;11.305103788788028;15.096140226473493
932;E;11.45095000037118;27.068033575525448
933;E;10.517846062620201;33.88524694722677
934;E;12.039046289013989;21.800995835481125
935;E;7.133239722231741;15.541269834589432
936;E;13.043938640803685;11.872073674764726
937;E;12.74482594466334;22.152868087812895
938;E;11.108646268969911;26.965731166962517
939;E;13.28195412795127;23.388608181190403
940;E;6.139041943741059;20.671404067670476
941;E;8.491000731344002;17.33234522955231
942;E;8.052973922856705;14.471077525930244
943;E;11.07926655020462;25.434504561997194
944;E;7.398936995603215;25.884100552313644
945;E;11.154085135779122;11.890455370410567
946;E;12.427604745027747;29.73067151949892
947;E;11.024680411430117;23.951332041988767
948;E;10.16993817159432;28.648252259393562
949;E;7.528290095891737;13.048874988145254
950;E;7.821247273607222;12.914051275672449
951;E;12.176413591544927;19.837501244826175
952;E;11.199483914282167;23.5457367867476
953;E;9.499420833554725;30.9057037468445
954;E;8.712321956712877;24.702406552437914
955;E;5.372104797678035;19.3043151235188
956;E;7.355910950556379;14.84542325149252
957;E;13.551224601451263;27.683325275940994
958;E;6.92048538038596;15.196267159067329
959;E;9.974100982986634;29.950459394624932
960;E;11.67332403050976;19.067038495069554
961;E;6.973526943568599;29.734899449540436
962;E;9.964193234128807;24.547946704143563
963;E;11.528886991199087;19.90562781411678
964;E;9.606445086734439;17.729909496675727
965;E;15.539244750631045;18.74544242241591
966;E;6.1141631245789245;23.12204316699583
967;E;11.779861585361147;21.124072695867177
968;E;9.221504218678788;17.30651571045644
969;E;11.184051365650827;19.742700110612166
970;E;10.497242251356377;21.1321550013795
971;E;8.057434607034327;8.573378423423659
972;E;10.05619195047596;23.291886620655735
973;E;5.720910379088218;15.110832866505316
974;E;10.833654027426725;14.123050048651015
975;E;10.19986791607304;11.084721368957682
976;E;10.907219625156781;10.478502152498658
977;E;11.778593957615104;12.973090554946465
978;E;10.344165643181261;16.651016367036476
979;E;9.888117356596503;31.79839660602962
980;E;7.7501647640620766;17.69302191594447
981;E;8.100925475137618;21.696412797803454
982;E;12.045778983238558;22.963670664105535
983;E;12.56429486981689;21.430793024458122
984;E;9.085833179632289;20.244456634049232
985;E;9.676044460229644;13.884305567038433
986;E;7.7012506754484855;28.94031732194943
987;E;12.016741821618886;30.967355523007523
988;E;10.962803387383532;11.111380985880293
989;E;13.613127121051086;14.858740487502939
990;E;7.755867713477682;19.093064596177886
991;E;8.795212872682894;15.197220915993887
992;E;10.06128055727382;23.563836209753653
993;E;10.923484206386565;16.541483968387546
994;E;9.132455419518218;33.00344210152018
995;E;7.767006601903792;27.458858241566162
996;E;11.411498337516566;21.894547931938206
997;E;11.078552011777639;26.52824961578655
998;E;7.677028985086564;26.977241743118213
999;E;12.396250123871026;17.47643027077946
